shot_id,shot_made_flag
1,0.37
8,0.317
17,0.696
20,0.784
33,0.323
34,0.389
35,0.404
36,0.431
37,0.575
38,0.397
45,0.412
50,0.287
55,0.277
60,0.295
66,0.29
67,0.329
71,0.415
80,0.25
85,0.309
86,0.63
95,0.655
104,0.396
113,0.348
123,0.335
126,0.833
133,0.654
141,0.271
144,0.366
150,0.755
152,0.385
153,0.778
156,0.41
159,0.905
165,0.742
172,0.424
182,0.951
192,0.336
193,0.745
196,0.279
202,0.336
210,0.348
211,0.357
228,0.948
257,0.39
260,0.416
264,0.362
267,0.589
279,0.965
282,0.395
293,0.377
299,0.828
300,0.679
301,0.777
317,0.326
327,0.33
328,0.326
335,0.397
346,0.744
348,0.319
365,0.396
390,0.731
391,0.735
392,0.715
397,0.367
418,0.369
428,0.232
434,0.6
439,0.391
440,0.419
456,0.385
459,0.317
472,0.414
480,0.259
491,0.356
497,0.379
509,0.374
511,0.33
523,0.274
533,0.414
544,0.423
546,0.385
555,0.72
558,0.372
560,0.326
573,0.304
591,0.411
596,0.291
597,0.401
601,0.532
605,0.395
617,0.322
628,0.252
634,0.354
646,0.297
649,0.348
651,0.751
654,0.745
656,0.388
657,0.385
669,0.318
670,0.954
693,0.541
694,0.277
699,0.423
711,0.38
718,0.351
722,0.331
723,0.389
725,0.622
734,0.341
735,0.375
737,0.76
746,0.332
747,0.657
766,0.359
767,0.341
771,0.297
773,0.288
774,0.43
783,0.309
784,0.426
789,0.315
792,0.419
804,0.357
809,0.345
812,0.319
813,0.364
817,0.303
820,0.335
825,0.31
826,0.355
829,0.368
855,0.443
859,0.775
862,0.378
870,0.402
876,0.324
880,0.351
886,0.982
889,0.828
891,0.401
897,0.977
902,0.408
903,0.346
908,0.35
909,0.35
920,0.391
922,0.417
924,0.63
932,0.383
934,0.353
937,0.34
941,0.368
943,0.267
950,0.426
952,0.353
954,0.958
963,0.333
975,0.363
979,0.365
981,0.379
983,0.3
985,0.439
989,0.409
995,0.406
998,0.421
1008,0.293
1019,0.756
1023,0.37
1026,0.371
1029,0.649
1034,0.848
1036,0.543
1038,0.36
1039,0.59
1051,0.414
1052,0.345
1066,0.377
1087,0.284
1092,0.29
1094,0.84
1098,0.411
1099,0.389
1102,0.373
1118,0.398
1131,0.324
1133,0.781
1135,0.943
1138,0.411
1139,0.784
1142,0.384
1151,0.355
1152,0.424
1155,0.713
1165,0.352
1167,0.974
1172,0.406
1174,0.722
1180,0.405
1200,0.338
1202,0.367
1227,0.573
1228,0.623
1229,0.365
1237,0.435
1241,0.333
1256,0.33
1279,0.418
1293,0.31
1295,0.335
1319,0.788
1320,0.402
1321,0.767
1322,0.579
1334,0.245
1351,0.721
1373,0.324
1375,0.327
1380,0.374
1382,0.757
1385,0.372
1399,0.375
1403,0.951
1428,0.28
1434,0.309
1444,0.95
1448,0.388
1466,0.816
1476,0.369
1478,0.407
1485,0.33
1491,0.743
1494,0.587
1500,0.412
1501,0.62
1503,0.402
1519,0.615
1524,0.365
1529,0.745
1533,0.759
1538,0.981
1539,0.338
1546,0.399
1555,0.348
1559,0.383
1563,0.646
1565,0.775
1574,0.374
1591,0.335
1594,0.288
1605,0.3
1611,0.389
1614,0.373
1620,0.369
1626,0.307
1630,0.39
1632,0.379
1634,0.272
1643,0.358
1651,0.423
1655,0.421
1658,0.325
1659,0.388
1665,0.388
1675,0.362
1680,0.763
1690,0.375
1696,0.331
1714,0.279
1721,0.374
1726,0.398
1728,0.384
1734,0.396
1735,0.305
1740,0.346
1744,0.818
1747,0.356
1752,0.314
1763,0.697
1765,0.726
1769,0.395
1785,0.636
1787,0.299
1788,0.415
1793,0.362
1800,0.347
1825,0.463
1826,0.769
1834,0.389
1843,0.366
1844,0.376
1848,0.331
1849,0.423
1860,0.432
1863,0.443
1875,0.582
1883,0.383
1890,0.406
1892,0.407
1893,0.386
1897,0.373
1905,0.415
1908,0.596
1931,0.318
1940,0.776
1943,0.36
1947,0.225
1965,0.655
1967,0.418
1968,0.403
1972,0.772
1982,0.284
1985,0.296
2005,0.767
2010,0.834
2021,0.391
2024,0.758
2036,0.434
2043,0.646
2047,0.607
2049,0.389
2055,0.31
2065,0.436
2066,0.369
2070,0.317
2077,0.909
2085,0.775
2095,0.597
2097,0.616
2108,0.393
2112,0.761
2113,0.785
2122,0.226
2139,0.333
2144,0.606
2146,0.313
2148,0.309
2149,0.766
2157,0.366
2159,0.388
2168,0.409
2176,0.37
2178,0.582
2181,0.257
2187,0.788
2188,0.324
2190,0.357
2194,0.401
2197,0.3
2214,0.342
2217,0.271
2222,0.403
2223,0.297
2226,0.328
2230,0.741
2240,0.392
2247,0.376
2250,0.301
2259,0.632
2262,0.392
2266,0.362
2305,0.338
2310,0.349
2313,0.412
2319,0.818
2320,0.638
2345,0.276
2350,0.614
2356,0.386
2360,0.622
2370,0.446
2386,0.332
2398,0.32
2414,0.736
2435,0.757
2439,0.409
2446,0.762
2458,0.324
2465,0.357
2466,0.421
2470,0.328
2495,0.718
2501,0.334
2507,0.281
2533,0.201
2537,0.391
2538,0.319
2541,0.286
2542,0.773
2544,0.906
2554,0.25
2555,0.26
2565,0.409
2575,0.793
2586,0.404
2588,0.353
2594,0.633
2617,0.399
2618,0.279
2623,0.981
2631,0.394
2640,0.29
2642,0.744
2647,0.402
2663,0.392
2664,0.37
2676,0.38
2680,0.977
2681,0.332
2691,0.325
2693,0.366
2695,0.404
2704,0.262
2708,0.372
2709,0.973
2717,0.766
2722,0.378
2728,0.325
2732,0.739
2743,0.395
2752,0.277
2757,0.736
2761,0.403
2769,0.293
2771,0.397
2774,0.39
2776,0.353
2781,0.291
2793,0.386
2799,0.323
2803,0.274
2811,0.31
2818,0.383
2824,0.399
2828,0.768
2829,0.369
2830,0.371
2842,0.736
2847,0.782
2848,0.34
2868,0.29
2870,0.309
2885,0.293
2886,0.42
2889,0.582
2903,0.398
2904,0.753
2918,0.719
2919,0.335
2922,0.397
2923,0.277
2931,0.28
2945,0.427
2955,0.354
2957,0.589
2960,0.742
2963,0.304
2966,0.758
2972,0.756
2974,0.311
2982,0.263
2984,0.674
3016,0.396
3021,0.299
3023,0.739
3025,0.383
3029,0.216
3034,0.736
3038,0.335
3040,0.405
3051,0.745
3062,0.297
3069,0.284
3071,0.249
3076,0.952
3079,0.298
3081,0.294
3082,0.402
3084,0.822
3098,0.388
3104,0.368
3105,0.397
3114,0.752
3118,0.392
3122,0.255
3132,0.273
3138,0.395
3141,0.378
3156,0.587
3162,0.706
3167,0.373
3170,0.367
3171,0.266
3172,0.331
3176,0.972
3180,0.363
3189,0.285
3198,0.326
3206,0.358
3215,0.384
3222,0.609
3228,0.36
3229,0.324
3232,0.272
3233,0.25
3238,0.307
3256,0.382
3264,0.583
3273,0.377
3275,0.64
3285,0.412
3289,0.332
3294,0.304
3306,0.366
3311,0.719
3318,0.372
3322,0.536
3324,0.343
3334,0.558
3341,0.392
3345,0.265
3346,0.938
3352,0.298
3368,0.332
3371,0.214
3372,0.383
3375,0.406
3384,0.322
3387,0.318
3393,0.377
3406,0.413
3411,0.494
3412,0.719
3414,0.58
3417,0.69
3420,0.764
3423,0.754
3436,0.302
3438,0.779
3442,0.293
3443,0.344
3451,0.278
3461,0.353
3489,0.256
3491,0.54
3510,0.77
3515,0.6
3527,0.372
3530,0.393
3540,0.314
3582,0.296
3604,0.341
3605,0.311
3609,0.307
3624,0.3
3628,0.727
3630,0.276
3641,0.285
3642,0.276
3648,0.326
3650,0.975
3652,0.981
3660,0.368
3664,0.283
3670,0.292
3672,0.382
3680,0.302
3682,0.968
3685,0.606
3686,0.325
3689,0.38
3705,0.366
3712,0.302
3713,0.302
3719,0.284
3721,0.248
3723,0.723
3724,0.232
3727,0.257
3733,0.552
3734,0.408
3742,0.33
3770,0.291
3777,0.33
3778,0.319
3780,0.371
3783,0.304
3784,0.315
3788,0.288
3790,0.349
3794,0.357
3795,0.365
3796,0.431
3801,0.545
3806,0.367
3813,0.391
3814,0.365
3818,0.577
3824,0.407
3836,0.437
3853,0.413
3855,0.308
3858,0.373
3861,0.757
3866,0.358
3870,0.402
3874,0.979
3876,0.314
3878,0.294
3890,0.378
3900,0.9
3904,0.346
3906,0.33
3907,0.367
3908,0.316
3912,0.401
3918,0.972
3923,0.974
3924,0.378
3925,0.317
3927,0.593
3955,0.972
3964,0.363
3969,0.336
3974,0.732
3976,0.377
3984,0.27
3991,0.395
3993,0.974
4009,0.29
4011,0.371
4020,0.413
4033,0.346
4041,0.395
4045,0.782
4052,0.35
4055,0.359
4056,0.406
4057,0.402
4067,0.968
4069,0.407
4077,0.302
4094,0.375
4095,0.358
4100,0.381
4119,0.331
4130,0.756
4131,0.384
4132,0.582
4134,0.578
4137,0.889
4138,0.371
4143,0.327
4145,0.395
4148,0.342
4163,0.294
4166,0.309
4169,0.743
4170,0.438
4174,0.396
4180,0.339
4199,0.98
4201,0.313
4203,0.403
4210,0.059
4211,0.315
4213,0.97
4225,0.366
4235,0.321
4242,0.343
4245,0.311
4250,0.38
4252,0.38
4254,0.37
4263,0.358
4264,0.368
4268,0.292
4270,0.409
4282,0.754
4283,0.356
4291,0.359
4304,0.371
4306,0.34
4309,0.299
4310,0.305
4313,0.304
4314,0.311
4315,0.292
4321,0.362
4324,0.336
4325,0.331
4328,0.317
4329,0.29
4332,0.335
4337,0.297
4342,0.402
4344,0.375
4352,0.386
4355,0.309
4366,0.302
4371,0.356
4372,0.39
4376,0.307
4384,0.297
4387,0.318
4389,0.398
4390,0.345
4406,0.318
4407,0.894
4409,0.978
4410,0.758
4424,0.341
4434,0.361
4452,0.293
4460,0.398
4470,0.599
4480,0.312
4496,0.968
4503,0.252
4512,0.362
4518,0.572
4519,0.376
4522,0.325
4525,0.333
4537,0.599
4546,0.262
4547,0.958
4553,0.346
4556,0.355
4558,0.711
4563,0.277
4568,0.275
4574,0.737
4578,0.229
4587,0.34
4592,0.598
4610,0.343
4615,0.37
4619,0.35
4620,0.618
4625,0.725
4635,0.321
4636,0.333
4641,0.358
4650,0.294
4653,0.758
4665,0.299
4668,0.938
4669,0.339
4670,0.288
4674,0.319
4675,0.357
4676,0.284
4679,0.26
4680,0.879
4686,0.302
4699,0.419
4713,0.509
4718,0.343
4721,0.335
4722,0.33
4724,0.28
4730,0.983
4731,0.362
4735,0.358
4743,0.333
4745,0.248
4746,0.709
4747,0.343
4748,0.317
4769,0.378
4771,0.348
4774,0.303
4784,0.358
4797,0.326
4801,0.643
4804,0.243
4820,0.278
4833,0.384
4834,0.322
4851,0.292
4859,0.287
4860,0.971
4863,0.388
4873,0.387
4881,0.242
4892,0.341
4908,0.404
4911,0.294
4915,0.24
4922,0.324
4929,0.379
4936,0.306
4939,0.426
4951,0.321
4956,0.339
4961,0.365
4964,0.298
4981,0.368
4991,0.982
4992,0.384
4997,0.368
5004,0.311
5010,0.37
5012,0.372
5015,0.317
5020,0.346
5030,0.349
5051,0.975
5052,0.398
5057,0.756
5058,0.386
5060,0.383
5061,0.354
5064,0.403
5078,0.424
5080,0.4
5088,0.397
5089,0.751
5090,0.309
5103,0.921
5108,0.377
5114,0.282
5115,0.384
5124,0.734
5137,0.369
5139,0.314
5144,0.336
5149,0.88
5157,0.288
5163,0.255
5174,0.353
5176,0.39
5179,0.249
5186,0.364
5203,0.733
5204,0.73
5206,0.258
5207,0.551
5220,0.371
5221,0.751
5224,0.315
5227,0.29
5229,0.238
5232,0.765
5240,0.744
5242,0.574
5243,0.306
5245,0.676
5248,0.328
5249,0.278
5254,0.325
5269,0.353
5272,0.373
5276,0.348
5286,0.743
5290,0.291
5308,0.36
5316,0.377
5318,0.386
5319,0.347
5320,0.361
5322,0.293
5324,0.265
5331,0.574
5336,0.982
5344,0.339
5354,0.323
5356,0.014
5358,0.244
5361,0.371
5365,0.75
5370,0.593
5376,0.378
5383,0.386
5384,0.369
5385,0.346
5393,0.777
5397,0.377
5398,0.316
5402,0.368
5407,0.891
5409,0.392
5425,0.398
5428,0.726
5430,0.364
5442,0.337
5447,0.385
5470,0.33
5485,0.344
5493,0.27
5502,0.596
5504,0.331
5517,0.286
5522,0.382
5527,0.754
5528,0.296
5536,0.619
5545,0.292
5576,0.305
5577,0.303
5592,0.299
5594,0.297
5595,0.365
5596,0.319
5599,0.414
5606,0.425
5617,0.331
5625,0.802
5626,0.298
5627,0.545
5642,0.722
5659,0.978
5664,0.606
5666,0.835
5671,0.319
5674,0.366
5677,0.771
5681,0.355
5683,0.025
5700,0.373
5713,0.37
5715,0.412
5718,0.369
5726,0.532
5738,0.37
5741,0.784
5743,0.806
5753,0.373
5761,0.292
5789,0.895
5797,0.363
5803,0.296
5810,0.37
5813,0.356
5817,0.318
5818,0.342
5822,0.259
5829,0.362
5846,0.385
5847,0.274
5854,0.304
5858,0.347
5863,0.27
5869,0.281
5870,0.355
5876,0.188
5881,0.204
5901,0.314
5922,0.512
5928,0.743
5933,0.383
5934,0.76
5946,0.384
5951,0.322
5955,0.323
5956,0.9
5965,0.338
5972,0.367
5981,0.244
5997,0.387
6005,0.216
6009,0.246
6010,0.292
6015,0.328
6039,0.271
6047,0.743
6051,0.026
6056,0.387
6061,0.297
6064,0.252
6065,0.389
6070,0.341
6085,0.724
6086,0.2
6091,0.762
6097,0.279
6099,0.324
6104,0.743
6108,0.362
6109,0.337
6124,0.529
6142,0.75
6144,0.357
6150,0.351
6154,0.369
6155,0.368
6156,0.979
6158,0.373
6159,0.969
6169,0.726
6170,0.024
6179,0.356
6184,0.602
6186,0.755
6204,0.193
6230,0.371
6231,0.378
6232,0.896
6235,0.363
6237,0.611
6239,0.337
6263,0.374
6265,0.303
6270,0.419
6271,0.279
6278,0.37
6279,0.593
6288,0.372
6294,0.353
6295,0.272
6302,0.748
6306,0.373
6322,0.746
6324,0.37
6327,0.284
6331,0.413
6334,0.348
6338,0.752
6339,0.743
6362,0.359
6372,0.418
6375,0.743
6393,0.3
6394,0.439
6405,0.977
6406,0.583
6416,0.646
6421,0.329
6422,0.298
6440,0.981
6457,0.751
6460,0.548
6463,0.404
6474,0.743
6476,0.377
6477,0.382
6482,0.776
6488,0.327
6489,0.303
6494,0.311
6499,0.796
6507,0.339
6524,0.336
6527,0.308
6531,0.344
6536,0.388
6538,0.197
6542,0.699
6565,0.333
6584,0.4
6588,0.355
6597,0.34
6603,0.686
6609,0.739
6613,0.733
6622,0.312
6630,0.379
6637,0.288
6639,0.734
6640,0.273
6646,0.403
6647,0.435
6648,0.975
6669,0.277
6680,0.306
6681,0.299
6684,0.067
6693,0.38
6694,0.331
6704,0.274
6706,0.41
6710,0.374
6713,0.368
6718,0.253
6732,0.38
6737,0.372
6739,0.304
6742,0.351
6746,0.609
6753,0.296
6771,0.265
6784,0.263
6790,0.967
6795,0.419
6807,0.367
6808,0.33
6818,0.307
6823,0.358
6830,0.371
6831,0.351
6832,0.337
6836,0.411
6846,0.343
6850,0.368
6854,0.347
6868,0.724
6876,0.571
6877,0.759
6881,0.278
6882,0.394
6884,0.382
6886,0.38
6901,0.413
6910,0.381
6913,0.369
6914,0.616
6918,0.75
6930,0.872
6941,0.309
6944,0.613
6945,0.333
6947,0.391
6949,0.735
6952,0.327
6963,0.595
6964,0.583
6972,0.748
6979,0.379
6981,0.359
6988,0.757
6990,0.373
6998,0.321
7004,0.355
7016,0.589
7027,0.391
7042,0.364
7056,0.274
7061,0.258
7069,0.631
7071,0.37
7088,0.648
7099,0.359
7108,0.329
7121,0.892
7125,0.73
7136,0.581
7149,0.737
7150,0.622
7151,0.223
7167,0.339
7177,0.704
7178,0.254
7183,0.576
7186,0.363
7190,0.281
7201,0.403
7202,0.372
7207,0.356
7213,0.36
7224,0.765
7225,0.295
7233,0.305
7239,0.358
7246,0.291
7248,0.36
7261,0.381
7264,0.342
7266,0.296
7274,0.324
7279,0.271
7293,0.328
7315,0.295
7322,0.377
7326,0.86
7341,0.342
7363,0.404
7365,0.613
7371,0.294
7377,0.323
7393,0.753
7405,0.275
7410,0.413
7434,0.706
7438,0.353
7447,0.764
7450,0.906
7452,0.36
7453,0.228
7455,0.389
7456,0.38
7457,0.908
7466,0.35
7470,0.733
7474,0.385
7487,0.619
7488,0.359
7492,0.755
7496,0.35
7501,0.583
7505,0.385
7512,0.321
7526,0.565
7536,0.624
7538,0.57
7539,0.415
7544,0.779
7554,0.631
7564,0.341
7566,0.691
7580,0.568
7581,0.783
7584,0.368
7587,0.412
7589,0.396
7590,0.429
7594,0.545
7597,0.377
7602,0.892
7603,0.359
7605,0.702
7609,0.4
7613,0.341
7619,0.29
7625,0.273
7626,0.416
7636,0.374
7639,0.74
7641,0.35
7643,0.771
7644,0.343
7657,0.374
7661,0.776
7666,0.315
7673,0.321
7683,0.383
7685,0.402
7699,0.324
7704,0.742
7705,0.659
7708,0.629
7728,0.313
7733,0.362
7741,0.434
7743,0.392
7745,0.365
7754,0.682
7756,0.322
7757,0.387
7770,0.663
7773,0.974
7774,0.375
7776,0.616
7777,0.393
7778,0.386
7781,0.393
7784,0.388
7789,0.883
7794,0.59
7799,0.363
7801,0.69
7818,0.318
7823,0.375
7828,0.397
7832,0.385
7839,0.373
7851,0.814
7856,0.365
7868,0.415
7869,0.247
7872,0.374
7874,0.304
7878,0.282
7888,0.39
7913,0.339
7923,0.428
7925,0.384
7926,0.609
7938,0.358
7942,0.73
7945,0.367
7954,0.55
7963,0.317
7969,0.395
7970,0.405
7977,0.417
7981,0.319
7990,0.278
8020,0.592
8023,0.371
8025,0.706
8034,0.392
8039,0.419
8046,0.368
8051,0.318
8055,0.369
8060,0.429
8063,0.346
8073,0.976
8074,0.365
8076,0.78
8080,0.391
8088,0.318
8102,0.524
8103,0.44
8104,0.41
8105,0.351
8109,0.285
8115,0.425
8121,0.588
8126,0.308
8135,0.8
8153,0.605
8156,0.292
8160,0.743
8161,0.412
8162,0.395
8171,0.38
8181,0.335
8183,0.374
8185,0.307
8191,0.975
8203,0.292
8204,0.619
8207,0.594
8208,0.335
8209,0.627
8210,0.33
8225,0.386
8226,0.362
8231,0.601
8233,0.295
8244,0.756
8250,0.341
8261,0.419
8265,0.336
8278,0.374
8279,0.362
8280,0.292
8296,0.721
8299,0.419
8300,0.381
8301,0.303
8305,0.366
8327,0.365
8334,0.388
8349,0.35
8355,0.352
8361,0.328
8362,0.356
8364,0.373
8365,0.326
8375,0.329
8378,0.621
8380,0.335
8381,0.387
8387,0.406
8399,0.757
8402,0.982
8409,0.442
8433,0.618
8436,0.419
8442,0.373
8448,0.331
8464,0.355
8469,0.633
8474,0.633
8478,0.401
8482,0.368
8490,0.306
8510,0.326
8511,0.365
8527,0.356
8532,0.39
8533,0.356
8538,0.33
8541,0.415
8545,0.33
8553,0.319
8554,0.393
8555,0.379
8569,0.367
8586,0.76
8593,0.394
8600,0.978
8606,0.83
8607,0.324
8611,0.303
8613,0.751
8618,0.89
8630,0.327
8637,0.301
8650,0.379
8652,0.301
8661,0.394
8669,0.379
8673,0.417
8674,0.402
8678,0.688
8682,0.396
8688,0.325
8689,0.783
8695,0.359
8698,0.347
8703,0.309
8709,0.378
8716,0.404
8723,0.392
8737,0.541
8753,0.346
8773,0.43
8774,0.325
8778,0.629
8786,0.652
8794,0.348
8795,0.67
8800,0.306
8804,0.361
8808,0.4
8809,0.312
8817,0.422
8818,0.3
8825,0.38
8830,0.331
8833,0.416
8834,0.328
8836,0.388
8837,0.342
8844,0.319
8851,0.348
8861,0.904
8864,0.322
8865,0.35
8869,0.35
8873,0.717
8880,0.795
8884,0.304
8888,0.314
8889,0.306
8891,0.757
8893,0.321
8897,0.418
8905,0.378
8910,0.803
8918,0.394
8939,0.375
8940,0.325
8941,0.394
8944,0.349
8949,0.308
8950,0.382
8958,0.764
8967,0.786
8975,0.527
8979,0.341
8980,0.358
8991,0.263
8995,0.209
8996,0.392
8998,0.699
9000,0.413
9001,0.782
9002,0.348
9024,0.412
9026,0.357
9027,0.311
9034,0.401
9038,0.37
9050,0.37
9052,0.769
9054,0.39
9078,0.867
9097,0.28
9109,0.326
9112,0.672
9115,0.385
9125,0.392
9132,0.289
9136,0.281
9139,0.314
9140,0.361
9142,0.564
9143,0.266
9147,0.7
9159,0.318
9165,0.598
9172,0.403
9177,0.406
9179,0.342
9185,0.405
9196,0.894
9201,0.422
9209,0.413
9210,0.614
9212,0.267
9214,0.342
9240,0.989
9241,0.331
9244,0.422
9249,0.288
9250,0.621
9255,0.363
9258,0.592
9263,0.346
9266,0.666
9269,0.316
9272,0.346
9276,0.714
9290,0.335
9299,0.375
9303,0.298
9310,0.167
9311,0.312
9314,0.326
9315,0.76
9325,0.39
9328,0.584
9329,0.373
9332,0.978
9337,0.376
9353,0.841
9355,0.368
9356,0.417
9362,0.788
9364,0.404
9366,0.381
9387,0.961
9388,0.984
9396,0.386
9400,0.367
9406,0.363
9411,0.359
9416,0.675
9417,0.779
9423,0.759
9425,0.407
9426,0.375
9427,0.311
9429,0.75
9430,0.772
9434,0.248
9442,0.407
9458,0.268
9476,0.368
9481,0.401
9483,0.404
9484,0.326
9487,0.745
9488,0.365
9490,0.336
9502,0.954
9505,0.333
9509,0.358
9515,0.388
9516,0.37
9532,0.313
9539,0.734
9542,0.361
9549,0.437
9550,0.632
9553,0.288
9554,0.249
9561,0.303
9566,0.402
9571,0.391
9577,0.349
9584,0.381
9592,0.373
9596,0.718
9602,0.352
9603,0.371
9604,0.62
9608,0.605
9609,0.405
9613,0.444
9623,0.385
9630,0.976
9633,0.411
9648,0.373
9665,0.436
9668,0.404
9678,0.357
9679,0.293
9693,0.757
9718,0.723
9720,0.754
9744,0.335
9745,0.32
9746,0.705
9753,0.381
9758,0.413
9759,0.329
9763,0.381
9766,0.348
9767,0.353
9777,0.67
9781,0.415
9789,0.338
9790,0.358
9799,0.283
9802,0.271
9805,0.605
9807,0.311
9812,0.304
9818,0.338
9820,0.782
9822,0.406
9824,0.415
9834,0.4
9836,0.322
9847,0.32
9864,0.898
9869,0.334
9875,0.37
9880,0.382
9889,0.781
9894,0.369
9909,0.778
9915,0.403
9919,0.289
9920,0.746
9940,0.811
9946,0.772
9958,0.766
9959,0.388
9973,0.58
9976,0.371
9978,0.39
9982,0.373
9987,0.317
9988,0.264
9992,0.392
10000,0.011
10002,0.776
10005,0.4
10008,0.297
10009,0.356
10011,0.193
10021,0.35
10022,0.748
10053,0.296
10074,0.395
10076,0.42
10090,0.361
10092,0.288
10099,0.417
10102,0.366
10103,0.361
10106,0.413
10108,0.788
10113,0.725
10119,0.325
10122,0.355
10125,0.283
10140,0.307
10155,0.318
10159,0.368
10164,0.39
10175,0.42
10176,0.833
10178,0.406
10186,0.436
10200,0.318
10204,0.349
10206,0.339
10211,0.41
10212,0.4
10217,0.354
10220,0.375
10230,0.423
10234,0.267
10235,0.368
10239,0.363
10240,0.36
10242,0.338
10245,0.392
10246,0.56
10247,0.354
10250,0.341
10254,0.758
10257,0.401
10260,0.395
10261,0.719
10265,0.396
10273,0.288
10274,0.325
10277,0.294
10289,0.892
10290,0.354
10298,0.39
10301,0.376
10304,0.404
10305,0.417
10313,0.394
10320,0.373
10323,0.343
10328,0.293
10332,0.974
10336,0.982
10343,0.404
10348,0.402
10350,0.309
10351,0.351
10354,0.315
10372,0.293
10373,0.611
10380,0.382
10383,0.248
10396,0.603
10397,0.402
10399,0.641
10400,0.394
10401,0.315
10402,0.346
10403,0.401
10410,0.956
10412,0.652
10415,0.261
10424,0.397
10428,0.35
10432,0.407
10462,0.42
10477,0.383
10482,0.396
10484,0.35
10493,0.398
10495,0.376
10497,0.299
10516,0.396
10521,0.254
10522,0.79
10523,0.739
10528,0.406
10530,0.304
10532,0.62
10533,0.392
10543,0.733
10547,0.595
10552,0.393
10558,0.265
10571,0.343
10572,0.288
10574,0.3
10583,0.391
10600,0.312
10607,0.631
10608,0.631
10614,0.268
10630,0.371
10634,0.409
10635,0.388
10641,0.778
10643,0.644
10644,0.411
10648,0.628
10669,0.4
10675,0.629
10686,0.788
10704,0.39
10707,0.348
10722,0.335
10736,0.594
10764,0.308
10767,0.768
10776,0.407
10779,0.446
10781,0.396
10792,0.628
10797,0.406
10798,0.406
10801,0.626
10802,0.57
10805,0.379
10808,0.372
10810,0.874
10816,0.33
10817,0.4
10829,0.573
10843,0.31
10858,0.384
10866,0.364
10876,0.408
10887,0.293
10891,0.329
10896,0.415
10900,0.589
10905,0.28
10907,0.386
10917,0.261
10936,0.349
10947,0.376
10948,0.583
10951,0.315
10955,0.347
10969,0.39
10984,0.37
10987,0.373
10990,0.325
10992,0.366
10996,0.386
10997,0.401
10999,0.323
11000,0.624
11001,0.392
11010,0.418
11016,0.383
11018,0.752
11034,0.91
11039,0.378
11041,0.312
11047,0.397
11053,0.624
11055,0.218
11056,0.378
11065,0.278
11068,0.587
11070,0.344
11071,0.636
11072,0.354
11079,0.427
11091,0.379
11094,0.226
11112,0.44
11113,0.408
11128,0.293
11153,0.576
11154,0.073
11163,0.374
11179,0.309
11181,0.255
11206,0.276
11216,0.322
11221,0.372
11223,0.745
11228,0.731
11235,0.378
11237,0.388
11244,0.225
11256,0.419
11267,0.348
11272,0.614
11281,0.341
11285,0.315
11288,0.425
11291,0.359
11293,0.374
11297,0.333
11298,0.267
11299,0.355
11301,0.331
11309,0.659
11331,0.331
11332,0.359
11337,0.375
11343,0.773
11347,0.401
11348,0.767
11355,0.977
11368,0.325
11369,0.77
11371,0.776
11378,0.625
11384,0.396
11387,0.391
11393,0.273
11399,0.432
11412,0.775
11431,0.364
11432,0.372
11444,0.892
11450,0.977
11451,0.656
11476,0.318
11488,0.372
11495,0.741
11505,0.324
11508,0.919
11518,0.414
11522,0.272
11524,0.389
11533,0.423
11549,0.378
11551,0.983
11560,0.341
11563,0.381
11565,0.743
11567,0.312
11569,0.408
11598,0.586
11604,0.782
11611,0.389
11617,0.422
11626,0.367
11642,0.401
11643,0.317
11648,0.326
11651,0.394
11663,0.351
11666,0.301
11685,0.39
11686,0.557
11698,0.313
11708,0.407
11711,0.332
11718,0.388
11742,0.356
11761,0.76
11767,0.39
11768,0.353
11775,0.633
11779,0.402
11786,0.946
11790,0.681
11791,0.395
11796,0.016
11806,0.602
11810,0.389
11811,0.358
11814,0.949
11816,0.394
11820,0.389
11822,0.247
11829,0.585
11832,0.354
11834,0.731
11836,0.283
11837,0.393
11844,0.822
11847,0.625
11864,0.598
11865,0.566
11872,0.422
11873,0.421
11886,0.422
11894,0.374
11905,0.359
11906,0.325
11907,0.352
11912,0.382
11914,0.722
11918,0.415
11924,0.389
11929,0.949
11930,0.414
11936,0.362
11937,0.412
11954,0.337
11957,0.285
11964,0.296
11968,0.201
11972,0.356
11976,0.403
11979,0.309
11981,0.353
11983,0.405
11989,0.163
11991,0.391
11998,0.381
12003,0.424
12007,0.39
12011,0.627
12014,0.382
12024,0.302
12033,0.419
12034,0.408
12041,0.321
12046,0.417
12056,0.317
12064,0.343
12069,0.254
12070,0.311
12071,0.374
12072,0.314
12078,0.294
12091,0.629
12092,0.368
12094,0.367
12098,0.352
12103,0.347
12115,0.713
12118,0.428
12122,0.579
12125,0.963
12133,0.336
12137,0.396
12141,0.364
12143,0.341
12144,0.768
12154,0.336
12163,0.385
12170,0.656
12193,0.335
12196,0.39
12206,0.29
12209,0.389
12214,0.358
12228,0.39
12233,0.67
12238,0.38
12242,0.294
12245,0.649
12247,0.349
12251,0.418
12287,0.419
12292,0.762
12304,0.367
12317,0.741
12320,0.772
12323,0.748
12328,0.379
12333,0.758
12334,0.348
12335,0.612
12352,0.41
12358,0.314
12364,0.388
12376,0.334
12396,0.408
12402,0.988
12406,0.37
12408,0.337
12410,0.942
12413,0.64
12417,0.332
12424,0.622
12425,0.36
12426,0.369
12430,0.391
12432,0.792
12433,0.396
12451,0.223
12457,0.605
12465,0.405
12468,0.639
12474,0.392
12475,0.448
12486,0.416
12487,0.674
12514,0.379
12524,0.979
12526,0.327
12530,0.407
12532,0.149
12593,0.287
12599,0.414
12600,0.384
12603,0.373
12624,0.981
12630,0.374
12638,0.417
12641,0.788
12643,0.78
12656,0.379
12666,0.8
12673,0.779
12675,0.288
12678,0.799
12692,0.026
12693,0.784
12707,0.383
12711,0.763
12716,0.275
12717,0.75
12723,0.379
12738,0.337
12742,0.346
12746,0.388
12753,0.406
12758,0.379
12760,0.303
12763,0.329
12764,0.323
12768,0.411
12776,0.294
12777,0.374
12783,0.731
12804,0.295
12824,0.39
12839,0.34
12847,0.409
12850,0.974
12867,0.772
12883,0.306
12887,0.399
12890,0.312
12903,0.583
12906,0.304
12907,0.191
12909,0.301
12912,0.345
12915,0.361
12930,0.779
12931,0.593
12934,0.74
12951,0.394
12955,0.384
12973,0.43
12988,0.292
12999,0.419
13015,0.634
13026,0.896
13036,0.354
13039,0.357
13040,0.306
13041,0.432
13043,0.758
13057,0.346
13064,0.377
13068,0.779
13069,0.687
13073,0.579
13079,0.904
13086,0.347
13089,0.743
13093,0.373
13097,0.754
13098,0.319
13105,0.391
13107,0.599
13108,0.579
13110,0.42
13112,0.783
13114,0.344
13118,0.404
13127,0.344
13129,0.387
13142,0.987
13146,0.407
13149,0.408
13157,0.38
13158,0.813
13159,0.748
13161,0.286
13162,0.408
13166,0.375
13168,0.4
13170,0.961
13186,0.6
13191,0.417
13203,0.352
13209,0.344
13212,0.338
13213,0.383
13222,0.3
13229,0.64
13234,0.526
13257,0.759
13258,0.392
13268,0.292
13270,0.406
13291,0.409
13292,0.528
13299,0.369
13307,0.968
13309,0.321
13311,0.413
13312,0.401
13322,0.374
13324,0.778
13330,0.424
13338,0.289
13344,0.808
13348,0.259
13355,0.665
13365,0.983
13368,0.374
13370,0.432
13372,0.596
13377,0.897
13385,0.537
13389,0.375
13393,0.447
13395,0.399
13404,0.3
13411,0.416
13416,0.386
13434,0.351
13435,0.823
13445,0.365
13446,0.366
13451,0.599
13462,0.567
13464,0.358
13466,0.292
13471,0.369
13472,0.767
13477,0.326
13481,0.336
13484,0.783
13490,0.39
13492,0.822
13500,0.275
13508,0.352
13516,0.355
13525,0.315
13526,0.454
13530,0.787
13532,0.414
13538,0.379
13546,0.44
13548,0.422
13550,0.8
13551,0.407
13564,0.449
13566,0.908
13570,0.424
13580,0.395
13585,0.29
13588,0.193
13592,0.404
13594,0.375
13609,0.331
13610,0.832
13613,0.334
13625,0.403
13626,0.792
13639,0.781
13645,0.728
13647,0.528
13648,0.218
13652,0.63
13654,0.756
13664,0.41
13673,0.373
13684,0.376
13690,0.373
13693,0.3
13696,0.298
13700,0.765
13701,0.332
13707,0.612
13713,0.311
13714,0.29
13716,0.674
13720,0.285
13727,0.369
13733,0.299
13738,0.272
13757,0.352
13759,0.621
13761,0.398
13767,0.321
13782,0.424
13786,0.384
13787,0.328
13792,0.301
13795,0.81
13798,0.416
13807,0.073
13809,0.357
13811,0.402
13815,0.371
13817,0.282
13818,0.267
13822,0.299
13824,0.383
13829,0.313
13832,0.96
13840,0.711
13841,0.711
13868,0.353
13871,0.961
13880,0.401
13888,0.761
13890,0.757
13891,0.403
13895,0.361
13907,0.293
13910,0.784
13912,0.762
13913,0.319
13923,0.915
13929,0.402
13936,0.402
13946,0.254
13950,0.355
13951,0.323
13954,0.362
13958,0.751
13969,0.639
13980,0.388
13981,0.423
13986,0.375
13987,0.333
13989,0.724
13992,0.354
13994,0.439
14001,0.773
14002,0.409
14004,0.388
14006,0.416
14012,0.591
14021,0.362
14024,0.825
14045,0.355
14047,0.825
14057,0.396
14059,0.359
14060,0.39
14068,0.342
14070,0.655
14074,0.619
14076,0.646
14089,0.272
14115,0.373
14116,0.302
14128,0.771
14131,0.357
14134,0.607
14137,0.667
14138,0.416
14139,0.78
14152,0.382
14153,0.812
14155,0.388
14156,0.784
14164,0.369
14165,0.432
14171,0.354
14174,0.333
14181,0.415
14186,0.731
14192,0.598
14201,0.644
14210,0.582
14214,0.343
14231,0.366
14236,0.321
14241,0.414
14245,0.368
14249,0.37
14251,0.306
14262,0.405
14265,0.275
14267,0.633
14270,0.963
14276,0.826
14279,0.666
14281,0.323
14289,0.292
14290,0.302
14293,0.689
14295,0.749
14297,0.442
14298,0.436
14310,0.334
14312,0.754
14315,0.757
14318,0.619
14319,0.568
14325,0.615
14331,0.406
14334,0.319
14341,0.627
14343,0.982
14344,0.4
14346,0.402
14347,0.313
14349,0.324
14352,0.359
14358,0.361
14361,0.435
14363,0.641
14374,0.644
14376,0.387
14381,0.602
14398,0.371
14410,0.384
14412,0.344
14415,0.441
14423,0.602
14425,0.353
14436,0.392
14444,0.321
14455,0.589
14465,0.355
14469,0.409
14471,0.319
14475,0.348
14479,0.387
14480,0.374
14488,0.602
14491,0.705
14501,0.389
14520,0.802
14522,0.664
14523,0.311
14537,0.756
14538,0.601
14550,0.27
14561,0.341
14575,0.393
14586,0.359
14592,0.404
14601,0.82
14602,0.41
14604,0.394
14606,0.307
14627,0.341
14641,0.737
14652,0.318
14662,0.726
14665,0.56
14673,0.575
14675,0.312
14679,0.814
14683,0.405
14686,0.359
14705,0.387
14708,0.382
14709,0.68
14710,0.337
14715,0.627
14717,0.411
14723,0.363
14725,0.284
14727,0.56
14728,0.33
14735,0.314
14746,0.365
14752,0.394
14757,0.213
14762,0.359
14763,0.334
14797,0.41
14812,0.365
14818,0.74
14825,0.38
14827,0.391
14829,0.388
14830,0.382
14837,0.332
14849,0.41
14863,0.351
14869,0.345
14882,0.266
14884,0.646
14886,0.729
14888,0.708
14890,0.286
14904,0.397
14938,0.347
14952,0.331
14958,0.889
14963,0.378
14979,0.362
14980,0.344
14986,0.566
14988,0.353
15003,0.379
15006,0.606
15009,0.973
15015,0.597
15024,0.423
15030,0.607
15036,0.365
15038,0.633
15039,0.405
15047,0.879
15049,0.305
15056,0.981
15068,0.32
15070,0.355
15073,0.307
15081,0.423
15084,0.282
15088,0.985
15092,0.295
15095,0.4
15097,0.333
15098,0.329
15115,0.527
15120,0.747
15126,0.3
15133,0.558
15143,0.389
15156,0.361
15164,0.323
15178,0.396
15198,0.788
15200,0.745
15208,0.016
15214,0.3
15218,0.78
15231,0.366
15238,0.349
15239,0.365
15240,0.355
15249,0.395
15256,0.342
15260,0.545
15290,0.383
15307,0.979
15308,0.761
15321,0.782
15323,0.759
15325,0.27
15342,0.574
15346,0.375
15349,0.374
15354,0.361
15362,0.361
15379,0.294
15383,0.384
15394,0.307
15401,0.678
15405,0.367
15407,0.373
15412,0.588
15413,0.591
15415,0.555
15427,0.729
15430,0.56
15436,0.61
15439,0.268
15443,0.342
15444,0.79
15445,0.767
15450,0.332
15456,0.9
15465,0.376
15466,0.316
15470,0.318
15474,0.596
15476,0.335
15482,0.317
15492,0.392
15510,0.629
15519,0.38
15523,0.267
15535,0.676
15561,0.96
15564,0.636
15566,0.306
15579,0.344
15580,0.627
15581,0.332
15587,0.36
15589,0.328
15591,0.362
15597,0.359
15620,0.7
15627,0.587
15636,0.753
15653,0.34
15662,0.956
15664,0.363
15666,0.599
15667,0.362
15674,0.691
15692,0.324
15715,0.316
15736,0.618
15744,0.794
15746,0.33
15758,0.366
15760,0.304
15766,0.292
15767,0.338
15789,0.763
15810,0.266
15818,0.254
15820,0.255
15830,0.366
15844,0.34
15850,0.178
15857,0.373
15863,0.977
15869,0.262
15872,0.248
15873,0.548
15884,0.263
15885,0.728
15891,0.802
15898,0.352
15900,0.251
15932,0.383
15940,0.348
15944,0.252
15945,0.291
15963,0.812
15970,0.339
15977,0.375
15982,0.339
15985,0.391
15995,0.378
16004,0.279
16005,0.354
16011,0.286
16019,0.592
16021,0.354
16051,0.767
16065,0.392
16066,0.254
16076,0.378
16091,0.347
16094,0.398
16101,0.267
16104,0.739
16113,0.712
16114,0.535
16115,0.744
16127,0.607
16128,0.351
16138,0.732
16139,0.535
16142,0.339
16144,0.551
16148,0.743
16151,0.357
16156,0.624
16165,0.563
16166,0.302
16179,0.777
16193,0.55
16196,0.437
16198,0.347
16210,0.646
16232,0.342
16237,0.31
16240,0.587
16252,0.587
16259,0.342
16262,0.375
16263,0.339
16270,0.392
16272,0.342
16290,0.281
16295,0.901
16297,0.344
16299,0.301
16300,0.248
16302,0.354
16303,0.581
16305,0.595
16309,0.348
16312,0.337
16320,0.305
16326,0.281
16327,0.39
16338,0.348
16342,0.305
16346,0.563
16348,0.324
16355,0.511
16356,0.567
16378,0.728
16382,0.27
16391,0.33
16392,0.386
16395,0.75
16399,0.342
16403,0.352
16408,0.316
16413,0.323
16415,0.281
16417,0.598
16420,0.364
16431,0.295
16439,0.582
16444,0.753
16446,0.061
16451,0.649
16454,0.336
16461,0.372
16462,0.398
16469,0.372
16484,0.341
16486,0.751
16487,0.403
16491,0.382
16494,0.351
16507,0.4
16508,0.292
16519,0.293
16523,0.358
16526,0.764
16530,0.348
16532,0.754
16542,0.28
16550,0.775
16555,0.355
16558,0.281
16567,0.763
16576,0.402
16579,0.302
16595,0.693
16598,0.289
16600,0.309
16604,0.772
16605,0.649
16607,0.815
16610,0.303
16612,0.983
16617,0.579
16625,0.727
16632,0.404
16634,0.579
16650,0.293
16654,0.352
16655,0.371
16656,0.285
16657,0.557
16660,0.555
16662,0.405
16669,0.338
16675,0.752
16676,0.245
16678,0.324
16679,0.347
16693,0.334
16701,0.248
16715,0.356
16722,0.594
16724,0.593
16727,0.599
16735,0.354
16741,0.284
16752,0.277
16758,0.345
16765,0.343
16771,0.325
16785,0.146
16793,0.602
16800,0.356
16805,0.375
16809,0.303
16820,0.557
16827,0.68
16830,0.539
16843,0.974
16847,0.281
16855,0.758
16860,0.748
16862,0.68
16863,0.317
16872,0.159
16874,0.258
16876,0.402
16893,0.399
16895,0.374
16914,0.399
16917,0.325
16926,0.322
16930,0.542
16931,0.321
16932,0.302
16934,0.27
16937,0.338
16941,0.362
16942,0.95
16957,0.337
16962,0.528
16967,0.566
16968,0.732
16972,0.358
16974,0.301
16984,0.409
16987,0.305
16994,0.79
16995,0.608
16999,0.334
17034,0.527
17038,0.33
17040,0.309
17050,0.218
17068,0.34
17077,0.308
17079,0.614
17082,0.551
17085,0.671
17087,0.322
17099,0.757
17105,0.342
17108,0.31
17110,0.292
17111,0.355
17123,0.395
17124,0.394
17130,0.56
17138,0.326
17143,0.76
17157,0.258
17160,0.764
17166,0.376
17167,0.293
17179,0.383
17180,0.268
17189,0.709
17197,0.753
17219,0.607
17223,0.29
17225,0.778
17229,0.832
17234,0.377
17235,0.296
17239,0.371
17242,0.331
17243,0.378
17246,0.603
17247,0.346
17255,0.288
17258,0.384
17260,0.379
17264,0.549
17270,0.337
17271,0.379
17272,0.37
17285,0.28
17294,0.31
17297,0.299
17298,0.726
17299,0.327
17306,0.284
17324,0.377
17326,0.319
17330,0.368
17345,0.359
17351,0.788
17352,0.309
17372,0.297
17381,0.684
17385,0.556
17388,0.253
17390,0.564
17392,0.746
17399,0.298
17404,0.379
17407,0.271
17408,0.362
17416,0.801
17418,0.387
17434,0.754
17438,0.784
17443,0.767
17444,0.368
17453,0.382
17460,0.594
17467,0.378
17480,0.324
17488,0.718
17490,0.344
17493,0.341
17498,0.33
17503,0.285
17513,0.285
17520,0.689
17525,0.601
17534,0.345
17545,0.344
17553,0.363
17554,0.303
17557,0.304
17563,0.624
17576,0.32
17577,0.348
17580,0.724
17582,0.332
17596,0.362
17597,0.359
17602,0.727
17614,0.733
17623,0.53
17624,0.734
17627,0.729
17628,0.358
17630,0.27
17634,0.882
17640,0.339
17652,0.396
17657,0.294
17661,0.305
17662,0.353
17666,0.292
17682,0.782
17688,0.347
17693,0.608
17705,0.379
17711,0.381
17715,0.338
17717,0.342
17721,0.349
17728,0.228
17737,0.363
17745,0.32
17755,0.353
17764,0.694
17774,0.364
17785,0.296
17786,0.681
17789,0.357
17802,0.337
17810,0.771
17819,0.809
17825,0.26
17828,0.323
17833,0.261
17841,0.744
17842,0.361
17844,0.286
17849,0.348
17855,0.351
17857,0.947
17861,0.34
17863,0.295
17868,0.311
17876,0.597
17882,0.325
17885,0.349
17893,0.364
17894,0.34
17902,0.736
17906,0.335
17911,0.419
17917,0.325
17921,0.287
17941,0.262
17945,0.246
17949,0.29
17954,0.332
17957,0.345
17958,0.727
17960,0.283
17985,0.756
18000,0.377
18002,0.585
18008,0.277
18014,0.369
18015,0.97
18019,0.268
18021,0.344
18026,0.268
18029,0.386
18034,0.665
18035,0.338
18036,0.397
18039,0.762
18066,0.273
18076,0.353
18089,0.244
18104,0.301
18110,0.371
18129,0.646
18131,0.729
18133,0.282
18136,0.32
18148,0.357
18152,0.019
18167,0.753
18177,0.3
18178,0.335
18183,0.31
18194,0.718
18197,0.54
18213,0.214
18214,0.263
18221,0.274
18227,0.186
18239,0.73
18245,0.31
18266,0.268
18267,0.379
18274,0.231
18283,0.295
18297,0.252
18302,0.24
18303,0.58
18315,0.373
18324,0.343
18326,0.68
18334,0.253
18336,0.361
18344,0.292
18346,0.319
18347,0.264
18350,0.341
18352,0.569
18364,0.502
18366,0.374
18373,0.338
18391,0.244
18393,0.283
18395,0.553
18400,0.777
18408,0.313
18421,0.567
18425,0.635
18443,0.252
18451,0.267
18456,0.369
18458,0.748
18460,0.252
18467,0.335
18468,0.367
18475,0.346
18485,0.19
18494,0.746
18495,0.893
18508,0.616
18530,0.331
18533,0.258
18547,0.292
18548,0.349
18553,0.257
18561,0.335
18565,0.738
18572,0.366
18593,0.271
18600,0.292
18621,0.724
18629,0.705
18637,0.342
18649,0.361
18653,0.603
18660,0.24
18671,0.229
18672,0.247
18677,0.316
18681,0.936
18684,0.732
18686,0.277
18689,0.503
18690,0.573
18709,0.594
18716,0.701
18723,0.547
18773,0.283
18782,0.372
18797,0.418
18810,0.374
18817,0.606
18820,0.77
18825,0.32
18837,0.595
18850,0.778
18857,0.377
18861,0.595
18867,0.341
18870,0.274
18877,0.554
18887,0.373
18898,0.309
18900,0.527
18914,0.556
18921,0.358
18922,0.745
18945,0.298
18947,0.545
18953,0.515
18954,0.365
18957,0.564
18960,0.797
18973,0.251
18983,0.328
18990,0.259
18991,0.244
18993,0.341
18995,0.265
18996,0.281
19003,0.177
19014,0.346
19015,0.311
19019,0.725
19028,0.334
19038,0.365
19040,0.323
19046,0.328
19051,0.282
19054,0.946
19056,0.317
19074,0.269
19085,0.726
19099,0.695
19124,0.25
19134,0.539
19141,0.235
19146,0.726
19150,0.297
19170,0.308
19176,0.313
19187,0.325
19189,0.315
19202,0.601
19208,0.316
19209,0.304
19210,0.738
19216,0.324
19217,0.243
19218,0.675
19223,0.285
19240,0.279
19246,0.367
19269,0.325
19275,0.732
19287,0.264
19298,0.358
19303,0.259
19313,0.53
19325,0.259
19326,0.308
19328,0.344
19330,0.331
19340,0.584
19342,0.263
19343,0.259
19344,0.59
19363,0.269
19364,0.554
19371,0.206
19376,0.264
19377,0.287
19381,0.325
19384,0.365
19390,0.314
19402,0.263
19405,0.294
19409,0.21
19418,0.759
19429,0.38
19446,0.6
19458,0.75
19460,0.722
19462,0.74
19465,0.369
19472,0.397
19480,0.331
19503,0.737
19507,0.563
19517,0.321
19533,0.344
19537,0.226
19541,0.345
19563,0.304
19566,0.582
19568,0.357
19576,0.357
19591,0.367
19597,0.79
19619,0.602
19622,0.722
19623,0.362
19624,0.339
19627,0.388
19629,0.301
19633,0.364
19639,0.299
19641,0.293
19643,0.346
19649,0.314
19652,0.8
19657,0.382
19660,0.747
19668,0.972
19678,0.302
19686,0.733
19690,0.31
19694,0.368
19695,0.301
19702,0.757
19712,0.385
19720,0.736
19735,0.784
19739,0.358
19740,0.745
19743,0.312
19750,0.509
19752,0.755
19754,0.332
19762,0.391
19770,0.272
19775,0.59
19777,0.352
19782,0.364
19783,0.741
19786,0.352
19805,0.3
19808,0.292
19819,0.73
19821,0.292
19827,0.295
19830,0.589
19832,0.578
19833,0.302
19834,0.351
19843,0.337
19844,0.275
19846,0.253
19847,0.277
19850,0.691
19851,0.319
19861,0.723
19873,0.321
19878,0.348
19886,0.349
19892,0.738
19901,0.3
19902,0.361
19920,0.89
19921,0.315
19922,0.293
19929,0.734
19932,0.376
19935,0.356
19936,0.64
19946,0.718
19950,0.386
19952,0.619
19955,0.41
19976,0.286
19983,0.643
19987,0.349
19991,0.757
19996,0.592
20007,0.676
20015,0.386
20019,0.339
20023,0.405
20034,0.343
20036,0.315
20038,0.369
20039,0.375
20040,0.725
20045,0.417
20046,0.57
20048,0.392
20060,0.406
20068,0.25
20074,0.698
20111,0.296
20117,0.33
20125,0.35
20129,0.622
20134,0.288
20135,0.253
20139,0.371
20142,0.416
20147,0.765
20154,0.724
20157,0.305
20169,0.099
20179,0.295
20202,0.289
20207,0.398
20215,0.335
20216,0.757
20217,0.759
20218,0.77
20219,0.585
20226,0.334
20236,0.372
20239,0.323
20246,0.353
20247,0.289
20253,0.578
20255,0.284
20268,0.304
20270,0.764
20271,0.346
20279,0.483
20282,0.731
20295,0.358
20302,0.377
20305,0.579
20306,0.587
20308,0.352
20330,0.8
20335,0.355
20344,0.268
20349,0.881
20360,0.369
20362,0.746
20378,0.669
20394,0.337
20397,0.663
20403,0.319
20405,0.721
20415,0.28
20417,0.33
20420,0.314
20425,0.389
20430,0.759
20435,0.579
20443,0.573
20446,0.393
20458,0.38
20459,0.752
20467,0.27
20470,0.746
20482,0.803
20489,0.785
20495,0.419
20496,0.374
20497,0.618
20505,0.408
20509,0.746
20535,0.391
20539,0.704
20544,0.621
20547,0.378
20556,0.21
20557,0.672
20575,0.307
20577,0.295
20596,0.192
20597,0.297
20602,0.343
20603,0.39
20609,0.76
20618,0.365
20621,0.62
20628,0.272
20634,0.331
20637,0.387
20641,0.36
20642,0.295
20647,0.336
20655,0.642
20656,0.341
20661,0.332
20664,0.728
20674,0.762
20679,0.724
20680,0.328
20683,0.708
20687,0.326
20688,0.967
20695,0.322
20696,0.377
20699,0.36
20701,0.292
20702,0.281
20704,0.266
20721,0.276
20725,0.358
20731,0.323
20741,0.375
20742,0.331
20753,0.425
20756,0.308
20769,0.261
20771,0.47
20774,0.353
20777,0.333
20781,0.33
20797,0.782
20808,0.744
20810,0.642
20820,0.526
20823,0.97
20829,0.94
20832,0.294
20833,0.334
20837,0.347
20838,0.231
20839,0.298
20847,0.371
20861,0.347
20869,0.971
20875,0.269
20877,0.379
20889,0.337
20894,0.872
20901,0.606
20919,0.281
20923,0.36
20935,0.869
20937,0.339
20939,0.715
20940,0.353
20943,0.339
20946,0.743
20950,0.588
20961,0.77
20965,0.324
20967,0.396
20969,0.301
20970,0.348
20975,0.678
20987,0.556
20995,0.591
20998,0.736
21002,0.307
21012,0.976
21013,0.742
21015,0.349
21017,0.372
21020,0.269
21028,0.284
21031,0.32
21036,0.287
21040,0.294
21048,0.624
21049,0.335
21051,0.609
21070,0.325
21072,0.591
21079,0.517
21090,0.537
21093,0.345
21104,0.229
21114,0.286
21117,0.219
21120,0.3
21121,0.268
21132,0.234
21136,0.513
21139,0.613
21140,0.286
21146,0.711
21150,0.704
21178,0.343
21180,0.72
21198,0.287
21203,0.296
21210,0.292
21218,0.313
21220,0.294
21222,0.201
21228,0.334
21236,0.509
21239,0.241
21260,0.281
21267,0.195
21271,0.272
21279,0.222
21286,0.264
21288,0.3
21294,0.592
21298,0.255
21299,0.591
21300,0.724
21304,0.301
21307,0.265
21309,0.225
21311,0.214
21331,0.286
21332,0.677
21342,0.53
21345,0.731
21348,0.617
21353,0.586
21357,0.229
21369,0.517
21370,0.693
21371,0.278
21373,0.057
21385,0.579
21392,0.276
21401,0.308
21403,0.214
21406,0.323
21413,0.341
21414,0.335
21416,0.346
21423,0.602
21442,0.292
21443,0.17
21448,0.264
21459,0.484
21467,0.294
21474,0.554
21484,0.327
21488,0.717
21495,0.253
21498,0.285
21502,0.224
21503,0.511
21510,0.516
21516,0.658
21533,0.692
21535,0.308
21539,0.218
21541,0.313
21544,0.537
21554,0.727
21569,0.289
21572,0.297
21578,0.303
21580,0.24
21584,0.253
21589,0.499
21595,0.283
21598,0.715
21599,0.308
21606,0.243
21623,0.284
21639,0.498
21641,0.268
21645,0.304
21647,0.507
21648,0.218
21657,0.25
21671,0.282
21673,0.18
21678,0.222
21696,0.544
21699,0.488
21700,0.248
21703,0.314
21710,0.337
21721,0.29
21727,0.229
21728,0.625
21731,0.33
21741,0.288
21744,0.728
21748,0.314
21753,0.243
21756,0.303
21763,0.26
21767,0.219
21772,0.64
21774,0.217
21775,0.729
21780,0.605
21787,0.51
21805,0.28
21828,0.177
21831,0.259
21837,0.263
21842,0.228
21849,0.263
21856,0.434
21858,0.282
21862,0.158
21864,0.26
21867,0.289
21879,0.229
21881,0.197
21883,0.175
21891,0.678
21892,0.261
21902,0.199
21909,0.234
21914,0.203
21918,0.257
21919,0.214
21926,0.282
21930,0.449
21934,0.482
21940,0.286
21945,0.197
21948,0.687
21953,0.23
21954,0.18
21956,0.558
21963,0.564
21970,0.476
21984,0.224
21997,0.244
21999,0.221
22001,0.257
22002,0.155
22010,0.513
22013,0.28
22022,0.23
22024,0.246
22028,0.206
22029,0.617
22045,0.242
22049,0.177
22064,0.677
22069,0.683
22074,0.467
22082,0.218
22084,0.239
22090,0.26
22096,0.687
22100,0.246
22105,0.228
22119,0.24
22130,0.271
22152,0.686
22155,0.22
22164,0.189
22173,0.261
22194,0.454
22209,0.294
22217,0.154
22220,0.275
22222,0.571
22244,0.188
22245,0.253
22250,0.486
22256,0.648
22261,0.658
22264,0.224
22270,0.487
22279,0.827
22280,0.249
22284,0.202
22288,0.299
22293,0.216
22297,0.93
22307,0.299
22310,0.239
22319,0.558
22324,0.236
22326,0.114
22327,0.221
22329,0.258
22331,0.709
22340,0.676
22342,0.848
22347,0.518
22351,0.237
22357,0.235
22361,0.234
22371,0.287
22373,0.26
22391,0.558
22404,0.71
22409,0.698
22411,0.254
22428,0.661
22436,0.657
22444,0.616
22445,0.224
22451,0.251
22463,0.243
22464,0.18
22467,0.635
22472,0.192
22485,0.751
22497,0.235
22504,0.264
22508,0.205
22516,0.236
22522,0.187
22527,0.513
22543,0.73
22549,0.274
22551,0.494
22557,0.49
22562,0.215
22567,0.285
22572,0.281
22575,0.179
22578,0.669
22579,0.274
22580,0.228
22581,0.222
22591,0.689
22593,0.211
22597,0.263
22600,0.296
22602,0.469
22603,0.506
22616,0.532
22617,0.231
22622,0.403
22623,0.26
22624,0.643
22628,0.198
22640,0.218
22641,0.231
22653,0.437
22660,0.186
22672,0.423
22674,0.223
22689,0.525
22698,0.246
22705,0.664
22709,0.624
22711,0.218
22714,0.631
22715,0.226
22729,0.457
22730,0.462
22733,0.245
22750,0.135
22754,0.628
22756,0.65
22758,0.443
22767,0.616
22768,0.432
22769,0.588
22776,0.19
22778,0.232
22780,0.661
22789,0.459
22797,0.485
22799,0.693
22814,0.218
22818,0.241
22821,0.479
22823,0.485
22841,0.173
22847,0.666
22848,0.468
22862,0.266
22875,0.658
22877,0.703
22887,0.243
22892,0.167
22899,0.682
22901,0.684
22907,0.413
22909,0.394
22926,0.43
22927,0.387
22930,0.376
22934,0.392
22937,0.357
22939,0.705
22949,0.36
22951,0.396
22955,0.303
22965,0.723
22966,0.689
22968,0.976
22972,0.375
22975,0.348
22981,0.362
22988,0.35
22994,0.365
22996,0.763
23011,0.718
23028,0.349
23031,0.323
23035,0.318
23038,0.377
23042,0.401
23049,0.725
23051,0.975
23053,0.317
23057,0.749
23058,0.412
23063,0.39
23064,0.39
23067,0.313
23071,0.392
23075,0.281
23077,0.763
23090,0.338
23094,0.412
23097,0.329
23103,0.245
23107,0.713
23117,0.36
23122,0.338
23124,0.285
23126,0.33
23129,0.736
23136,0.347
23141,0.326
23142,0.378
23147,0.329
23154,0.37
23159,0.255
23165,0.417
23171,0.713
23173,0.061
23175,0.404
23179,0.962
23182,0.749
23185,0.32
23188,0.346
23189,0.356
23209,0.359
23214,0.298
23215,0.358
23233,0.383
23241,0.286
23252,0.348
23255,0.36
23263,0.328
23281,0.317
23282,0.26
23289,0.25
23292,0.245
23296,0.333
23297,0.289
23301,0.242
23302,0.389
23304,0.28
23309,0.392
23312,0.369
23316,0.347
23321,0.293
23342,0.412
23344,0.258
23350,0.239
23367,0.715
23368,0.287
23374,0.306
23387,0.282
23389,0.623
23399,0.716
23403,0.759
23406,0.98
23414,0.417
23415,0.287
23419,0.733
23436,0.348
23439,0.727
23444,0.367
23445,0.346
23455,0.263
23469,0.307
23472,0.274
23477,0.341
23478,0.698
23479,0.338
23487,0.349
23490,0.369
23491,0.736
23492,0.25
23494,0.333
23496,0.252
23497,0.303
23506,0.223
23515,0.386
23528,0.296
23532,0.301
23549,0.68
23551,0.26
23552,0.259
23555,0.332
23556,0.341
23564,0.751
23583,0.401
23592,0.337
23597,0.973
23601,0.31
23605,0.741
23615,0.287
23619,0.332
23621,0.966
23626,0.726
23635,0.41
23637,0.37
23640,0.355
23646,0.282
23655,0.328
23672,0.687
23673,0.381
23682,0.298
23683,0.372
23699,0.369
23704,0.722
23707,0.967
23713,0.342
23714,0.256
23716,0.361
23718,0.72
23721,0.186
23735,0.317
23737,0.397
23744,0.287
23749,0.721
23755,0.361
23769,0.747
23772,0.355
23773,0.064
23774,0.733
23779,0.227
23782,0.427
23793,0.393
23803,0.974
23828,0.759
23833,0.746
23834,0.733
23844,0.411
23845,0.779
23852,0.754
23855,0.713
23867,0.261
23872,0.729
23874,0.346
23880,0.274
23886,0.306
23898,0.35
23900,0.305
23903,0.283
23907,0.247
23908,0.755
23912,0.315
23916,0.23
23917,0.33
23918,0.331
23922,0.388
23928,0.328
23940,0.738
23944,0.649
23945,0.364
23951,0.293
23966,0.27
23970,0.279
23971,0.386
23976,0.735
23980,0.312
23987,0.968
23988,0.289
23993,0.377
23997,0.27
23998,0.34
23999,0.681
24010,0.739
24015,0.742
24023,0.366
24033,0.307
24046,0.744
24060,0.382
24062,0.291
24065,0.728
24070,0.363
24071,0.202
24073,0.297
24079,0.408
24082,0.976
24084,0.418
24089,0.393
24094,0.377
24100,0.363
24105,0.28
24106,0.201
24108,0.741
24111,0.971
24120,0.375
24125,0.737
24134,0.75
24140,0.393
24151,0.37
24153,0.272
24154,0.359
24161,0.374
24166,0.378
24170,0.701
24176,0.249
24182,0.745
24188,0.36
24190,0.361
24201,0.964
24211,0.725
24215,0.758
24216,0.966
24219,0.257
24222,0.725
24240,0.978
24243,0.379
24245,0.289
24251,0.295
24256,0.974
24258,0.313
24261,0.392
24263,0.361
24264,0.36
24266,0.335
24273,0.377
24278,0.332
24289,0.982
24292,0.418
24293,0.338
24298,0.981
24299,0.331
24303,0.701
24304,0.403
24305,0.395
24329,0.378
24341,0.333
24345,0.778
24353,0.33
24358,0.989
24364,0.735
24367,0.413
24370,0.753
24377,0.398
24380,0.281
24381,0.273
24387,0.387
24391,0.318
24409,0.98
24413,0.324
24416,0.332
24427,0.435
24439,0.324
24443,0.375
24448,0.363
24454,0.742
24455,0.288
24461,0.299
24464,0.388
24468,0.28
24469,0.308
24501,0.313
24508,0.334
24519,0.368
24520,0.97
24538,0.364
24540,0.763
24550,0.337
24552,0.26
24561,0.314
24577,0.399
24579,0.297
24580,0.308
24582,0.317
24591,0.782
24592,0.362
24599,0.789
24602,0.334
24606,0.308
24617,0.298
24619,0.791
24630,0.16
24633,0.768
24634,0.788
24638,0.304
24641,0.402
24644,0.383
24645,0.745
24656,0.381
24661,0.286
24663,0.764
24667,0.391
24669,0.729
24682,0.425
24698,0.334
24699,0.772
24702,0.321
24703,0.396
24717,0.41
24724,0.972
24731,0.263
24737,0.273
24740,0.393
24743,0.306
24744,0.981
24755,0.391
24757,0.283
24765,0.413
24766,0.296
24776,0.768
24787,0.968
24789,0.411
24791,0.199
24792,0.337
24804,0.063
24812,0.427
24816,0.34
24817,0.302
24820,0.741
24828,0.373
24832,0.298
24836,0.298
24842,0.774
24846,0.299
24847,0.266
24848,0.968
24851,0.781
24855,0.749
24856,0.321
24871,0.411
24874,0.308
24877,0.364
24889,0.349
24897,0.389
24899,0.749
24908,0.311
24913,0.726
24923,0.258
24933,0.333
24971,0.311
24973,0.981
24993,0.397
24998,0.392
25000,0.985
25001,0.981
25002,0.363
25003,0.979
25009,0.313
25024,0.298
25026,0.364
25027,0.975
25034,0.294
25050,0.309
25057,0.337
25067,0.7
25075,0.448
25081,0.428
25085,0.417
25093,0.313
25097,0.406
25103,0.343
25104,0.375
25109,0.397
25112,0.774
25113,0.39
25114,0.382
25119,0.318
25121,0.313
25122,0.852
25124,0.766
25131,0.329
25134,0.74
25144,0.283
25147,0.758
25148,0.396
25149,0.373
25155,0.387
25169,0.821
25177,0.697
25178,0.371
25179,0.376
25180,0.768
25191,0.663
25199,0.269
25232,0.423
25241,0.429
25242,0.765
25243,0.26
25246,0.315
25259,0.727
25265,0.793
25278,0.786
25280,0.328
25284,0.375
25286,0.803
25288,0.312
25318,0.982
25330,0.755
25333,0.406
25339,0.377
25340,0.749
25346,0.412
25349,0.78
25351,0.364
25361,0.754
25366,0.332
25368,0.97
25369,0.393
25370,0.448
25375,0.068
25376,0.762
25377,0.396
25379,0.379
25382,0.422
25386,0.43
25389,0.418
25399,0.379
25400,0.975
25401,0.743
25407,0.3
25409,0.295
25412,0.379
25416,0.237
25418,0.397
25423,0.325
25436,0.396
25439,0.317
25442,0.408
25445,0.988
25446,0.423
25453,0.238
25456,0.418
25458,0.374
25460,0.389
25461,0.347
25468,0.814
25470,0.386
25471,0.337
25482,0.421
25501,0.737
25504,0.683
25515,0.354
25518,0.391
25528,0.428
25533,0.4
25543,0.225
25548,0.268
25564,0.351
25572,0.766
25576,0.364
25577,0.399
25587,0.353
25591,0.327
25596,0.307
25598,0.298
25617,0.382
25618,0.777
25620,0.288
25623,0.401
25626,0.354
25628,0.343
25633,0.404
25637,0.384
25644,0.296
25662,0.334
25663,0.349
25673,0.706
25678,0.352
25685,0.312
25691,0.314
25706,0.353
25707,0.255
25723,0.378
25725,0.435
25735,0.737
25740,0.357
25759,0.389
25761,0.762
25769,0.332
25774,0.301
25779,0.75
25781,0.402
25784,0.963
25790,0.963
25796,0.388
25816,0.327
25847,0.267
25850,0.295
25852,0.741
25856,0.38
25866,0.413
25867,0.744
25868,0.319
25869,0.371
25877,0.786
25878,0.296
25890,0.386
25898,0.766
25899,0.269
25906,0.971
25907,0.778
25915,0.972
25932,0.76
25939,0.388
25946,0.742
25951,0.727
25959,0.403
25961,0.383
25964,0.429
25969,0.307
25980,0.354
25986,0.315
25992,0.264
25998,0.324
26000,0.41
26006,0.31
26009,0.267
26016,0.421
26023,0.969
26038,0.394
26041,0.326
26050,0.309
26051,0.977
26057,0.396
26060,0.175
26062,0.359
26067,0.97
26068,0.267
26072,0.397
26074,0.753
26075,0.326
26081,0.754
26108,0.751
26112,0.97
26113,0.219
26115,0.348
26122,0.335
26139,0.323
26162,0.387
26165,0.31
26173,0.383
26177,0.353
26179,0.412
26184,0.287
26190,0.276
26204,0.399
26205,0.016
26212,0.753
26215,0.292
26227,0.73
26232,0.774
26237,0.424
26246,0.608
26248,0.748
26249,0.409
26260,0.439
26263,0.342
26267,0.901
26269,0.445
26271,0.796
26273,0.638
26286,0.434
26297,0.366
26309,0.387
26313,0.296
26319,0.441
26329,0.323
26330,0.801
26333,0.436
26361,0.782
26366,0.348
26376,0.98
26378,0.371
26382,0.357
26389,0.378
26391,0.31
26401,0.624
26415,0.317
26419,0.62
26421,0.979
26422,0.391
26423,0.792
26424,0.548
26441,0.685
26442,0.411
26446,0.721
26447,0.35
26448,0.324
26451,0.382
26459,0.359
26465,0.26
26476,0.389
26481,0.365
26487,0.959
26501,0.31
26513,0.754
26517,0.269
26527,0.889
26534,0.758
26535,0.977
26545,0.358
26550,0.274
26558,0.319
26571,0.752
26573,0.426
26575,0.331
26578,0.399
26583,0.852
26590,0.356
26593,0.758
26602,0.212
26606,0.787
26613,0.751
26615,0.288
26618,0.356
26628,0.979
26630,0.774
26635,0.399
26645,0.363
26648,0.224
26651,0.381
26660,0.275
26663,0.639
26664,0.556
26665,0.696
26673,0.774
26675,0.376
26676,0.424
26677,0.363
26679,0.433
26687,0.394
26689,0.424
26697,0.344
26737,0.777
26747,0.992
26748,0.46
26749,0.361
26754,0.969
26759,0.394
26760,0.751
26765,0.297
26769,0.262
26771,0.309
26776,0.366
26778,0.281
26780,0.389
26783,0.309
26785,0.334
26800,0.361
26804,0.336
26812,0.387
26816,0.248
26823,0.803
26834,0.468
26836,0.779
26841,0.676
26845,0.329
26849,0.411
26854,0.793
26858,0.444
26860,0.335
26866,0.316
26871,0.224
26873,0.473
26905,0.31
26907,0.325
26920,0.586
26924,0.23
26930,0.298
26942,0.588
26944,0.373
26949,0.901
26952,0.979
26956,0.44
26973,0.274
26977,0.368
26993,0.745
26997,0.248
26999,0.606
27021,0.335
27023,0.318
27025,0.012
27027,0.336
27032,0.576
27034,0.272
27036,0.607
27045,0.304
27050,0.281
27051,0.764
27055,0.361
27056,0.368
27060,0.346
27061,0.747
27066,0.695
27070,0.33
27073,0.24
27077,0.78
27085,0.387
27086,0.349
27099,0.386
27105,0.391
27109,0.336
27125,0.307
27135,0.391
27139,0.536
27140,0.911
27141,0.279
27142,0.308
27144,0.268
27148,0.405
27154,0.376
27162,0.748
27175,0.541
27176,0.341
27178,0.863
27197,0.311
27204,0.325
27205,0.363
27206,0.283
27207,0.305
27216,0.366
27230,0.283
27234,0.284
27241,0.402
27249,0.971
27251,0.25
27252,0.696
27256,0.755
27257,0.616
27263,0.286
27268,0.393
27269,0.381
27276,0.322
27279,0.546
27288,0.737
27295,0.31
27299,0.37
27302,0.308
27304,0.301
27316,0.611
27318,0.237
27330,0.386
27333,0.583
27335,0.327
27339,0.318
27341,0.476
27342,0.307
27345,0.6
27347,0.572
27354,0.689
27361,0.25
27375,0.681
27387,0.597
27390,0.579
27392,0.916
27399,0.267
27403,0.329
27410,0.388
27423,0.298
27429,0.248
27432,0.424
27436,0.367
27437,0.757
27441,0.767
27444,0.685
27445,0.255
27448,0.689
27454,0.338
27459,0.322
27465,0.372
27478,0.978
27479,0.31
27481,0.562
27483,0.557
27486,0.287
27498,0.375
27505,0.375
27507,0.344
27509,0.266
27514,0.273
27527,0.748
27535,0.231
27544,0.295
27545,0.345
27556,0.298
27563,0.4
27569,0.388
27585,0.614
27589,0.339
27605,0.368
27608,0.758
27609,0.342
27611,0.263
27621,0.624
27626,0.743
27629,0.305
27645,0.769
27651,0.291
27654,0.353
27656,0.746
27663,0.722
27673,0.249
27677,0.293
27678,0.311
27680,0.35
27681,0.397
27684,0.339
27688,0.342
27706,0.331
27709,0.35
27720,0.252
27722,0.35
27733,0.736
27734,0.733
27739,0.328
27746,0.383
27751,0.751
27755,0.339
27777,0.547
27783,0.327
27795,0.417
27805,0.372
27811,0.317
27815,0.355
27823,0.284
27856,0.351
27873,0.434
27883,0.337
27885,0.746
27887,0.884
27899,0.413
27921,0.416
27924,0.408
27927,0.389
27929,0.391
27932,0.376
27943,0.428
27945,0.433
27952,0.442
27957,0.787
27960,0.388
27966,0.42
27968,0.769
27980,0.755
27984,0.356
27994,0.402
27995,0.456
28002,0.778
28004,0.576
28006,0.271
28028,0.793
28042,0.764
28043,0.411
28055,0.622
28061,0.305
28063,0.537
28077,0.411
28090,0.716
28093,0.416
28095,0.361
28096,0.822
28098,0.764
28099,0.316
28111,0.326
28115,0.373
28123,0.414
28125,0.4
28126,0.772
28129,0.729
28131,0.299
28139,0.381
28146,0.373
28153,0.798
28155,0.386
28160,0.608
28166,0.295
28167,0.708
28176,0.785
28185,0.314
28187,0.719
28195,0.776
28203,0.297
28206,0.406
28209,0.288
28210,0.296
28211,0.345
28216,0.36
28234,0.37
28235,0.768
28248,0.328
28255,0.392
28266,0.282
28277,0.355
28286,0.41
28288,0.36
28289,0.545
28290,0.316
28296,0.402
28300,0.727
28306,0.243
28307,0.318
28309,0.33
28327,0.401
28336,0.309
28345,0.326
28355,0.397
28361,0.307
28362,0.339
28374,0.288
28380,0.755
28381,0.386
28393,0.253
28394,0.294
28405,0.378
28413,0.388
28426,0.748
28428,0.798
28429,0.769
28442,0.376
28445,0.303
28457,0.974
28459,0.693
28462,0.39
28478,0.259
28490,0.396
28492,0.379
28499,0.219
28500,0.367
28506,0.766
28509,0.353
28513,0.355
28516,0.316
28519,0.975
28526,0.308
28527,0.328
28528,0.767
28533,0.336
28547,0.365
28551,0.393
28563,0.395
28566,0.416
28568,0.358
28580,0.312
28589,0.331
28590,0.758
28606,0.397
28613,0.356
28615,0.295
28619,0.434
28629,0.585
28633,0.329
28635,0.719
28646,0.313
28648,0.594
28651,0.303
28660,0.687
28681,0.416
28693,0.674
28696,0.382
28703,0.387
28709,0.369
28712,0.714
28718,0.306
28719,0.538
28727,0.314
28730,0.828
28732,0.785
28740,0.433
28747,0.434
28752,0.634
28757,0.391
28764,0.422
28765,0.768
28770,0.771
28772,0.849
28783,0.427
28786,0.327
28796,0.372
28799,0.921
28806,0.599
28807,0.392
28815,0.402
28818,0.303
28823,0.368
28824,0.6
28831,0.962
28834,0.562
28841,0.299
28848,0.776
28882,0.602
28884,0.377
28904,0.339
28907,0.275
28919,0.293
28920,0.693
28928,0.242
28935,0.06
28936,0.284
28945,0.364
28950,0.758
28957,0.605
28963,0.301
28974,0.337
28980,0.383
28988,0.669
28999,0.298
29001,0.612
29004,0.201
29006,0.368
29012,0.388
29018,0.369
29027,0.333
29030,0.298
29032,0.243
29039,0.343
29043,0.409
29056,0.735
29064,0.781
29068,0.317
29069,0.311
29074,0.22
29076,0.29
29085,0.311
29088,0.738
29091,0.299
29092,0.798
29093,0.335
29094,0.573
29108,0.685
29114,0.256
29115,0.274
29118,0.302
29125,0.312
29127,0.748
29150,0.239
29152,0.172
29155,0.648
29165,0.286
29167,0.339
29174,0.392
29180,0.377
29185,0.365
29190,0.299
29192,0.979
29194,0.355
29220,0.354
29231,0.593
29237,0.639
29240,0.496
29247,0.409
29256,0.363
29275,0.365
29278,0.383
29280,0.755
29286,0.396
29288,0.764
29305,0.695
29327,0.35
29329,0.72
29333,0.405
29335,0.395
29342,0.98
29344,0.377
29353,0.331
29358,0.398
29373,0.308
29392,0.371
29393,0.589
29395,0.98
29403,0.765
29405,0.563
29410,0.358
29423,0.357
29427,0.749
29429,0.346
29432,0.326
29440,0.6
29447,0.298
29448,0.256
29452,0.628
29455,0.281
29461,0.303
29466,0.308
29474,0.29
29476,0.379
29486,0.58
29494,0.375
29497,0.557
29505,0.36
29511,0.758
29516,0.673
29522,0.313
29523,0.284
29524,0.291
29529,0.266
29533,0.301
29535,0.339
29548,0.323
29551,0.315
29563,0.257
29574,0.378
29575,0.274
29592,0.307
29599,0.504
29608,0.351
29613,0.375
29620,0.351
29630,0.745
29637,0.317
29638,0.394
29643,0.356
29648,0.316
29657,0.372
29659,0.375
29662,0.321
29665,0.325
29699,0.747
29706,0.728
29715,0.474
29716,0.323
29717,0.295
29721,0.591
29731,0.315
29735,0.264
29739,0.442
29742,0.659
29747,0.965
29749,0.673
29754,0.971
29773,0.274
29777,0.522
29779,0.281
29783,0.244
29786,0.305
29805,0.698
29811,0.544
29812,0.618
29815,0.746
29819,0.281
29833,0.286
29847,0.342
29854,0.69
29856,0.301
29859,0.251
29864,0.339
29865,0.353
29867,0.319
29885,0.501
29894,0.352
29900,0.286
29910,0.674
29928,0.339
29942,0.307
29951,0.375
29953,0.36
29962,0.275
29968,0.259
29974,0.797
29980,0.623
29987,0.274
29993,0.589
30001,0.809
30005,0.763
30015,0.324
30034,0.209
30041,0.22
30044,0.321
30058,0.278
30061,0.28
30064,0.394
30065,0.385
30069,0.284
30074,0.365
30076,0.217
30080,0.271
30086,0.758
30087,0.309
30092,0.279
30093,0.692
30096,0.377
30097,0.753
30098,0.27
30102,0.751
30106,0.313
30110,0.775
30111,0.976
30122,0.288
30128,0.288
30130,0.731
30131,0.323
30132,0.293
30135,0.412
30137,0.763
30157,0.739
30158,0.692
30162,0.321
30170,0.754
30174,0.345
30195,0.778
30196,0.334
30204,0.412
30207,0.776
30209,0.789
30212,0.376
30221,0.334
30225,0.71
30229,0.398
30231,0.258
30233,0.411
30237,0.341
30239,0.3
30242,0.354
30244,0.299
30249,0.364
30262,0.319
30286,0.371
30292,0.405
30303,0.289
30320,0.329
30322,0.336
30355,0.421
30356,0.271
30372,0.44
30375,0.263
30379,0.39
30384,0.338
30386,0.325
30394,0.369
30395,0.278
30396,0.325
30397,0.248
30402,0.422
30413,0.301
30416,0.394
30420,0.369
30422,0.806
30432,0.332
30434,0.422
30438,0.446
30444,0.233
30446,0.431
30455,0.383
30457,0.415
30459,0.451
30463,0.377
30468,0.414
30477,0.374
30478,0.424
30481,0.391
30482,0.313
30487,0.424
30491,0.387
30496,0.797
30501,0.317
30506,0.291
30511,0.353
30513,0.431
30516,0.35
30520,0.317
30531,0.361
30542,0.754
30555,0.411
30557,0.397
30568,0.391
30570,0.976
30584,0.311
30594,0.789
30614,0.383
30617,0.343
30618,0.745
30631,0.34
30632,0.297
30634,0.766
30636,0.283
30637,0.286
30639,0.326
30647,0.348
30649,0.228
30656,0.317
30660,0.322
30665,0.264
30669,0.328
30681,0.386
30683,0.733
30687,0.761
30694,0.352
